InstanceKey,Profit_ILS,Profit_VNS,Time_ILS,Time_VNS,BestProfit,Gap_ILS_%,Gap_VNS_%,Profit_Diff_VNS_minus_ILS,Time_Ratio_VNS_over_ILS
10I1,4551,4641,3.443263,7.548997,4641,1.9392372333548804,0.0,90,2.1923962822473917
10I2,4363,4703,4.011676,10.607792,4703,7.229428024665108,0.0,340,2.644229494106703
10I3,4377,4242,2.867296,7.895322,4377,0.0,3.0843043180260454,-135,2.7535775866879457
10I4,4412,4606,3.243401,8.088402,4606,4.2118975249674335,0.0,194,2.4938026472828985
10I5,4363,3971,2.936257,9.065359,4363,0.0,8.984643593857438,-392,3.087386083711338
11I1,33873,33873,44.210619,106.793013,33873,0.0,0.0,0,2.415551182398057
11I2,36177,36566,33.791225,79.427128,36566,1.0638297872340425,0.0,389,2.350525262105769
11I3,32818,34918,38.980633,89.045844,34918,6.014090154075262,0.0,2100,2.2843611595532582
11I4,35297,34188,37.94814,102.45777,35297,0.0,3.141910077343683,-1109,2.6999418153300794
11I5,36090,35946,42.505253,108.4305,36090,0.0,0.399002493765586,-144,2.550990579917263
12I1,21118,21710,7.825251,24.32441,21710,2.7268539843390145,0.0,592,3.1084510899394795
12I2,20959,21071,9.605054,27.166956,21071,0.5315362346352808,0.0,112,2.8284022140843765
12I3,20040,20817,9.108391,21.935273,20817,3.732526300619686,0.0,777,2.4082489431997374
12I4,21142,21966,8.436167,20.428193,21966,3.7512519348083404,0.0,824,2.4215017317698906
12I5,21074,21960,8.630727,22.364636,21960,4.034608378870674,0.0,886,2.5912806650007583
13I1,15339,15034,3.934732,10.585084,15339,0.0,1.9883955929330466,-305,2.690166445897713
13I2,14789,15549,4.369057,10.488992,15549,4.8877741333847835,0.0,760,2.4007450578008025
13I3,14942,15344,3.277109,9.912803,15344,2.619916579770594,0.0,402,3.0248621574686716
13I4,16031,15811,4.438647,10.511643,16031,0.0,1.3723410891397916,-220,2.3682088257975913
13I5,13789,14763,4.681466,11.624544,14763,6.5975750186276505,0.0,974,2.48309909759037
14I1,11225,11600,2.719689,5.778144,11600,3.2327586206896552,0.0,375,2.124560565564666
14I2,11938,11866,2.225898,5.3778,11938,0.0,0.603116099849221,-72,2.4160136717854996
14I3,11688,11547,2.499527,6.683006,11688,0.0,1.2063655030800822,-141,2.673708265603852
14I4,11673,11848,2.268359,6.16423,11848,1.477042538825118,0.0,175,2.717484313550016
14I5,11124,12508,2.277744,5.867031,12508,11.064918452190597,0.0,1384,2.5758079046635616
15I1,8929,9459,1.722869,4.595191,9459,5.603129294851464,0.0,530,2.6671737665487045
15I2,8589,9673,2.055083,4.814759,9673,11.206450945931975,0.0,1084,2.342853792279922
15I3,9647,11031,1.531036,3.807604,11031,12.54645997643006,0.0,1384,2.486946094017384
15I4,9246,10450,1.670999,4.1301,10450,11.52153110047847,0.0,1204,2.471635231379552
15I5,9596,9735,1.706355,4.498531,9735,1.4278376990241397,0.0,139,2.636339448707918
16I1,37003,37258,80.960738,176.593874,37258,0.6844167695528477,0.0,255,2.181228560441235
16I2,38085,37924,79.553256,223.173012,38085,0.0,0.42273861100170673,-161,2.8053284456389815
16I3,39696,38259,61.816306,122.672316,39696,0.0,3.620012091898428,-1437,1.9844653286141039
16I4,37140,39319,76.076941,185.699148,39319,5.541849996185051,0.0,2179,2.4409386807495324
16I5,36014,36014,72.887264,169.898874,36014,0.0,0.0,0,2.3309816376150434
17I1,21925,21042,17.072946,50.285607,21925,0.0,4.027366020524516,-883,2.945338607642758
17I2,23736,23794,15.87359,29.207353,23794,0.24375893082289654,0.0,58,1.8399966863198558
17I3,21924,21384,16.363742,42.335381,21924,0.0,2.4630541871921183,-540,2.5871454707609054
17I4,21194,20999,15.535667,36.859315,21194,0.0,0.920071718410871,-195,2.3725608305069876
17I5,20704,21580,17.256618,42.77251,21580,4.059314179796107,0.0,876,2.4786148711178515
18I1,15704,14849,6.707655,20.707379,15704,0.0,5.444472745797249,-855,3.0871264249577535
18I2,15987,16181,6.64994,17.840866,16181,1.1989370249057536,0.0,194,2.682861198747658
18I3,15538,15538,6.251484,16.314415,15538,0.0,0.0,0,2.609686755976661
18I4,15944,15772,7.142905,17.870254,15944,0.0,1.0787757150025088,-172,2.5018187978140545
18I5,15328,15592,7.317164,19.378547,15592,1.6931759876859929,0.0,264,2.6483685482517547
19I1,12469,13012,3.348301,8.996044,13012,4.173071011374116,0.0,543,2.6867488914527096
19I2,12336,12735,2.707749,9.423692,12735,3.1330977620730267,0.0,399,3.480267927344817
19I3,12462,11830,3.073665,12.969447,12462,0.0,5.071417108008346,-632,4.219538238552347
19I4,12167,13040,3.828186,9.333535,13040,6.6947852760736195,0.0,873,2.4381090678457107
19I5,12467,12022,3.390154,10.822338,12467,0.0,3.5694232774524743,-445,3.1922850702357475
1I1,3743,3770,0.91718,2.397934,3770,0.7161803713527852,0.0,27,2.614463900215879
1I2,3682,3682,0.922233,2.709431,3682,0.0,0.0,0,2.937902894387861
1I3,3394,3503,0.828814,2.167481,3503,3.111618612617756,0.0,109,2.6151597342708977
1I4,3720,3701,0.722762,1.917134,3720,0.0,0.510752688172043,-19,2.6525107850163674
1I5,3474,3656,1.113393,3.058134,3656,4.978118161925601,0.0,182,2.746679743810137
20I1,10195,10566,2.450657,6.643792,10566,3.511262540223358,0.0,371,2.711024839461418
20I2,10215,10469,2.325267,5.327883,10469,2.4262107173560037,0.0,254,2.2912994507727498
20I3,10085,10971,2.416341,5.287825,10971,8.075836295688633,0.0,886,2.1883604176728366
20I4,9726,9833,2.406803,6.27755,9833,1.0881724804230652,0.0,107,2.6082525241991137
20I5,10803,10610,2.470213,5.111315,10803,0.0,1.7865407757104508,-193,2.0691798642465242
2I1,2189,2189,0.240695,0.71312,2189,0.0,0.0,0,2.962753692432331
2I2,2186,2123,0.243256,0.616243,2186,0.0,2.8819762122598354,-63,2.5333105863781364
2I3,2225,2256,0.227555,0.654619,2256,1.374113475177305,0.0,31,2.876750675660829
2I4,2345,2136,0.23811,0.607956,2345,0.0,8.912579957356078,-209,2.55325689807232
2I5,2170,2194,0.309636,0.853583,2194,1.0938924339106655,0.0,24,2.756730483535506
3I1,1494,1534,0.122658,0.356253,1534,2.607561929595828,0.0,40,2.9044416181578043
3I2,1483,1691,0.129733,0.365985,1691,12.300413956238913,0.0,208,2.8210632606969703
3I3,1659,1586,0.122172,0.344156,1659,0.0,4.400241109101868,-73,2.8169793406017747
3I4,1590,1644,0.127075,0.335595,1644,3.2846715328467155,0.0,54,2.640920716112532
3I5,1748,1630,0.143987,0.366196,1748,0.0,6.750572082379863,-118,2.5432573774021265
4I1,1238,1219,0.073229,0.237785,1238,0.0,1.5347334410339257,-19,3.2471425255021917
4I2,1204,1204,0.075554,0.219535,1204,0.0,0.0,0,2.905670116737698
4I3,1256,1256,0.08686,0.223971,1256,0.0,0.0,0,2.57852866682017
4I4,1063,1063,0.092105,0.269913,1063,0.0,0.0,0,2.9304923728353507
4I5,1214,1200,0.083084,0.247166,1214,0.0,1.1532125205930808,-14,2.9748928794954503
5I1,7246,7589,10.836895,30.199113,7589,4.5196995651601,0.0,343,2.7866942514437945
5I2,7062,6846,13.924497,36.283067,7062,0.0,3.058623619371283,-216,2.6057003710798314
5I3,7239,7364,10.429008,25.371781,7364,1.6974470396523629,0.0,125,2.4328086621469653
5I4,7442,7404,12.961419,30.919938,7442,0.0,0.5106154259607633,-38,2.3855364910277186
5I5,6753,6753,13.827097,35.614657,6753,0.0,0.0,0,2.575714699911341
6I1,6125,6390,10.107548,24.618424,6390,4.147104851330203,0.0,265,2.43564749828544
6I2,6322,6393,7.643402,18.277209,6393,1.11058970749257,0.0,71,2.391240052531582
6I3,6128,6336,9.387127,25.207285,6336,3.2828282828282833,0.0,208,2.685303501273606
6I4,6535,6289,8.465655,23.00141,6535,0.0,3.7643458301453716,-246,2.717026621094292
6I5,6969,7057,7.728705,17.879184,7057,1.2469888054414058,0.0,88,2.313347967091511
7I1,5683,5764,8.010508,18.671618,5764,1.4052741151977794,0.0,81,2.330890625163847
7I2,5529,5615,6.900007,16.684806,5615,1.5316117542297418,0.0,86,2.418085372956868
7I3,5836,5876,4.813999,13.294968,5876,0.6807351940095302,0.0,40,2.761730527987231
7I4,5452,5592,6.326233,16.184035,5592,2.503576537911302,0.0,140,2.5582420059457185
7I5,5643,5794,6.301723,15.436237,5794,2.6061442871936484,0.0,151,2.449526423170298
8I1,5146,5151,4.986986,11.633409,5151,0.09706853038245,0.0,5,2.3327534907858176
8I2,4976,4995,4.918152,13.750916,4995,0.38038038038038036,0.0,19,2.7959518127947245
8I3,5022,5053,4.170391,12.642155,5053,0.6134969325153374,0.0,31,3.031407606624894
8I4,4559,5155,5.334447,12.444066,5155,11.561590688651794,0.0,596,2.3327752623655273
8I5,5311,5305,4.299407,10.725307,5311,0.0,0.1129730747505178,-6,2.4946014648066583
9I1,4899,4535,4.134569,10.772107,4899,0.0,7.430087773014901,-364,2.6053760379860633
9I2,4259,4542,4.756589,10.700476,4542,6.230735358872743,0.0,283,2.249611223504911
9I3,4641,4477,4.622659,10.98811,4641,0.0,3.533721180780004,-164,2.377010720453315
9I4,4653,5192,3.085683,8.981568,5192,10.38135593220339,0.0,539,2.910722844828843
9I5,5080,4987,3.580014,10.579328,5080,0.0,1.830708661417323,-93,2.9551079967843705
